customer_id,name,email,phone,tier,city,join_date
1,สุนิสา ประเสริฐ,customer1@email.com,08614360011,Bronze,สมุทรปราการ,2023-01-21
2,สุนิสา ทองดี,customer2@email.com,08658433296,Bronze,นนทบุรี,2022-01-02
3,กาญจนา ใจดี,customer3@email.com,08106500306,Silver,นครราชสีมา,2022-02-22
4,ประสิทธิ์ กาญจนา,customer4@email.com,08778103230,Gold,ปทุมธานี,2024-04-16
5,สมหญิง วัฒนา,,08953656138,Gold,กรุงเทพฯ,2022-05-24
6,สุชาดา วัฒนา,customer6@email.com,08898355740,Gold,ปทุมธานี,2024-02-03
7,ชลิตา มั่นคง,customer7@email.com,08293755423,Bronze,กรุงเทพฯ,2023-05-04
8,ธีรวัฒน์ กาญจนา,customer8@email.com,08918613287,Bronze,สงขลา,2024-09-14
9,ทวีศักดิ์ กาญจนา,customer9@email.com,08403026793,Bronze,นครราชสีมา,2024-02-03
10,อดิศร รุ่งเรือง,customer10@email.com,08691686976,Bronze,ชลบุรี,2023-10-14
11,กาญจนา กาญจนา,customer11@email.com,08187561000,Bronze,สมุทรปราการ,2024-03-26
12,สมชาย ใจเย็น,customer12@email.com,08123456,Bronze,ขอนแก่น,2023-02-26
13,ชลิตา รุ่งเรือง,customer13@email.com,08345962140,Bronze,นนทบุรี,2024-05-27
14,สมหญิง วัฒนา,customer14@email.com,08447928040,Bronze,กรุงเทพฯ,2023-08-03
15,ชัยวัฒน์ ทองดี,customer15@email.com,08572707923,Bronze,ภูเก็ต,2023-01-27
16,ชลิตา ใจดี,customer16@email.com,08425301754,Bronze,เชียงใหม่,2023-01-10
17,ชัยวัฒน์ วัฒนา,customer17@email.com,08607105525,Platinum,นนทบุรี,2022-01-27
18,สมชาย ใจดี,customer18@email.com,08788265795,Bronze,กรุงเทพฯ,2022-02-18
19,อลงกรณ์ ทองดี,customer19@email.com,08157979451,Bronze,กรุงเทพฯ,2022-10-07
20,ชัยวัฒน์ ทองดี,customer20@email.com,08697214624,Bronze,ชลบุรี,2022-09-10
21,สมชาย มั่นคง,customer21@email.com,08271688105,Platinum,สมุทรปราการ,2023-07-24
22,ธีรวัฒน์ ใจเย็น,customer22@email.com,08418613269,Bronze,นครราชสีมา,2023-10-01
23,สมหญิง ประเสริฐ,customer23@email.com,08265353127,Silver,เชียงใหม่,2024-03-21
24,อดิศร กาญจนา,customer24@email.com,08514295990,Silver,สงขลา,2024-03-28
25,,customer25@email.com,08167512440,Silver,กรุงเทพฯ,2022-01-20
26,ธีรวัฒน์ มั่นคง,customer26@email.com,08962172622,Bronze,ภูเก็ต,2024-04-13
27,สุนิสา ศรีสุข,customer27@email.com,08514503157,Silver,กรุงเทพฯ,2023-09-05
28,ธีรวัฒน์ ทองดี,customer28@email.com,08695197355,Platinum,ปทุมธานี,2022-04-13
29,ประสิทธิ์ ศรีสุข,customer29@email.com,08562260386,Silver,นนทบุรี,2024-03-30
30,มนตรี มั่นคง,customer30@email.com,08262646711,Bronze,นครราชสีมา,2023-08-27
31,กาญจนา ประเสริฐ,customer31@email.com,08711183062,Silver,ชลบุรี,2024-06-26
32,สมชาย ประเสริฐ,customer32@email.com,08105062958,Bronze,เชียงใหม่,2023-09-30
33,อดิศร รุ่งเรือง,customer33@email.com,08108474447,Silver,ชลบุรี,2023-12-05
34,ชลิตา ประเสริฐ,customer34@email.com,08251144356,Bronze,ชลบุรี,2022-10-12
35,นฤมล ใจดี,customer35@email.com,08713288627,Bronze,นครราชสีมา,2024-06-30
36,อดิศร ทองดี,customer36@email.com,08486698848,Silver,ภูเก็ต,2022-12-23
37,มนตรี วัฒนา,customer37@email.com,08784693305,Platinum,กรุงเทพฯ,2023-08-31
38,กาญจนา ศรีสุข,customer38@email.com,08252100567,Platinum,กรุงเทพฯ,2022-09-15
39,อลงกรณ์ รักดี,customer39@email.com,08446246880,Gold,ชลบุรี,2023-03-03
40,อลงกรณ์ มั่นคง,customer40@email.com,08742086880,Silver,นนทบุรี,2022-02-12
41,ทวีศักดิ์ มั่นคง,customer41@email.com,08964763024,Silver,นครราชสีมา,2023-08-28
42,มนตรี ประเสริฐ,customer42@email.com,08433597480,Silver,ชลบุรี,2024-04-05
43,ทวีศักดิ์ ใจเย็น,customer43@email.com,08454369720,Silver,สงขลา,2024-05-18
44,ชลิตา ใจดี,customer44@email.com,08454970001,Bronze,ขอนแก่น,2022-04-06
45,กาญจนา ใจดี,customer45@email.com,08644741196,Gold,สงขลา,2024-05-16
46,สุนิสา ใจดี,customer46@email.com,08713007635,Gold,สมุทรปราการ,2022-12-08
47,สุนิสา ศรีสุข,customer47@email.com,08217486460,Platinum,สงขลา,2022-03-17
48,นภาพร ศรีสุข,customer48@email.com,08924599865,Silver,ชลบุรี,2024-06-03
49,ชลิตา รุ่งเรือง,customer49@email.com,08613763642,Bronze,ภูเก็ต,2023-07-19
50,อดิศร รุ่งเรือง,customer50@email.com,08486851244,,ภูเก็ต,2022-07-05
51,ชัยวัฒน์ ประเสริฐ,customer51@email.com,08145232406,Silver,นนทบุรี,2024-04-22
52,นฤมล รุ่งเรือง,customer52@email.com,08835408249,Silver,เชียงใหม่,2022-09-10
53,นภาพร ใจเย็น,customer53@email.com,08517646705,Gold,ชลบุรี,2022-07-13
54,กาญจนา วัฒนา,customer54@email.com,08927243669,Gold,ภูเก็ต,2023-05-26
55,ปิยะมาศ ศรีสุข,customer55@email.com,08456409861,Gold,เชียงใหม่,2024-02-26
56,นภาพร ประเสริฐ,customer56@email.com,08288827494,Silver,นนทบุรี,2022-06-22
57,ธีรวัฒน์ รุ่งเรือง,customer57@email.com,08486806466,Silver,สงขลา,2022-07-09
58,สุนิสา รุ่งเรือง,customer58@email.com,08655408224,Bronze,นครราชสีมา,2022-05-14
59,อลงกรณ์ ทองดี,customer59@email.com,08892534837,Platinum,ชลบุรี,2024-02-03
60,อนุชา มั่นคง,customer60@email.com,08283373139,Bronze,สงขลา,2022-02-16
61,สุนิสา ใจดี,customer61@email.com,08636967106,Platinum,นครราชสีมา,2024-08-10
62,อดิศร ใจเย็น,customer62@email.com,08856528983,Silver,นครราชสีมา,2022-01-08
63,อนุชา ประเสริฐ,customer63@email.com,08178686841,Bronze,ชลบุรี,2023-06-24
64,สุชาดา ศรีสุข,customer64@email.com,08731497562,Silver,สงขลา,2022-05-25
65,สมชาย ทองดี,customer65@email.com,08936237196,Silver,สมุทรปราการ,2024-07-13
66,ประสิทธิ์ รักดี,customer66@email.com,08781575278,Platinum,ขอนแก่น,2022-01-10
67,ทวีศักดิ์ ทองดี,customer67@email.com,08422110389,Gold,กรุงเทพฯ,2022-08-12
68,วรินทร ทองดี,customer68@email.com,08359523838,Bronze,กรุงเทพฯ,2024-04-06
69,ปิยะมาศ ใจดี,customer69@email.com,08109389012,Bronze,กรุงเทพฯ,2023-06-02
70,กาญจนา ทองดี,customer70@email.com,08124196340,Silver,ชลบุรี,2023-07-19
71,มนตรี ประเสริฐ,customer71@email.com,08926387408,Bronze,กรุงเทพฯ,2023-04-02
72,ปิยะมาศ ศรีสุข,customer72@email.com,08715040479,Bronze,ขอนแก่น,2022-04-05
73,นภาพร ประเสริฐ,customer73@email.com,08433715514,Bronze,เชียงใหม่,2024-08-18
74,อลงกรณ์ ทองดี,customer74@email.com,08661481680,Bronze,ภูเก็ต,2022-10-30
75,นฤมล ทองดี,customer75@email.com,08945100673,Gold,เชียงใหม่,2022-04-13
76,สมหญิง วัฒนา,customer76@email.com,08591317537,Silver,สมุทรปราการ,2022-12-01
77,สมหญิง ศรีสุข,customer77@email.com,08478265760,Gold,ภูเก็ต,2023-06-26
78,มนตรี มั่นคง,customer78@email.com,08902296516,Gold,ขอนแก่น,2022-05-18
79,สุนิสา ประเสริฐ,customer79@email.com,08262854971,Bronze,นนทบุรี,2022-03-10
80,ประสิทธิ์ ทองดี,customer80@email.com,08753691276,Bronze,สมุทรปราการ,2022-02-12
81,นฤมล รุ่งเรือง,customer81@email.com,08329001482,Bronze,ปทุมธานี,2023-06-04
82,ธีรวัฒน์ ศรีสุข,customer82@email.com,08657463768,Gold,นนทบุรี,2022-07-14
83,กาญจนา รักดี,customer83@email.com,08516279548,Bronze,กรุงเทพฯ,2024-04-17
84,กาญจนา รุ่งเรือง,customer84@email.com,08215246049,Bronze,สงขลา,2023-12-31
85,นฤมล รุ่งเรือง,customer85@email.com,08954125354,Platinum,กรุงเทพฯ,2023-07-27
86,อนุชา ใจดี,customer86@email.com,08174982588,Platinum,ขอนแก่น,2022-10-30
87,ชัยวัฒน์ ประเสริฐ,customer87@email.com,08378413718,Silver,นครราชสีมา,2023-01-21
88,ชัยวัฒน์ ใจเย็น,customer88@email.com,08163901614,Gold,นนทบุรี,2022-12-29
89,ประสิทธิ์ มั่นคง,customer89@email.com,08243319049,Silver,ภูเก็ต,2022-09-30
90,อลงกรณ์ รุ่งเรือง,customer90@email.com,08266642264,Silver,สงขลา,2022-03-08
91,ปิยะมาศ รักดี,customer91@email.com,08954880993,Silver,กรุงเทพฯ,2024-07-24
92,อลงกรณ์ มั่นคง,customer92@email.com,08517482532,Bronze,นนทบุรี,2022-10-09
93,ปิยะมาศ วัฒนา,customer93@email.com,08421944789,Bronze,ภูเก็ต,2023-08-05
94,อดิศร ศรีสุข,customer94@email.com,08849375741,Bronze,ขอนแก่น,2023-08-30
95,สุชาดา กาญจนา,customer95@email.com,08125612338,Bronze,ปทุมธานี,2022-08-17
96,ประสิทธิ์ รักดี,customer96@email.com,08934094235,Platinum,เชียงใหม่,2024-04-26
97,สุนิสา ใจเย็น,customer97@email.com,08603357821,Platinum,ขอนแก่น,2024-04-26
98,ปิยะมาศ ทองดี,customer98@email.com,08791064323,Silver,ปทุมธานี,2022-08-13
99,สุนิสา ใจดี,customer99@email.com,08236809701,Silver,ปทุมธานี,2022-05-19
100,ปิยะมาศ มั่นคง,customer100@email.com,08429774533,Bronze,ชลบุรี,2022-01-10
101,มนตรี รักดี,customer101@email.com,08225199591,Gold,ชลบุรี,2022-11-17
102,สุชาดา ใจดี,customer102@email.com,08189112074,Silver,ภูเก็ต,2023-07-04
103,ชลิตา ใจดี,customer103@email.com,08781786667,Silver,ขอนแก่น,2024-06-03
104,วรินทร รุ่งเรือง,customer104@email.com,08437638155,Bronze,ขอนแก่น,2023-05-28
105,ธีรวัฒน์ รุ่งเรือง,customer105@email.com,08234925282,Bronze,สมุทรปราการ,2022-01-05
106,ชัยวัฒน์ ประเสริฐ,customer106@email.com,08718817304,Silver,ภูเก็ต,2024-04-19
107,ธีรวัฒน์ มั่นคง,customer107@email.com,08474086176,Gold,กรุงเทพฯ,2022-05-23
108,สุนิสา ใจดี,customer108@email.com,08753508749,Bronze,สมุทรปราการ,2022-04-14
109,นภาพร มั่นคง,customer109@email.com,08794369538,Silver,นครราชสีมา,2024-08-25
110,นฤมล ใจดี,customer110@email.com,08367867100,Bronze,ชลบุรี,2022-04-07
111,สมชาย ศรีสุข,customer111@email.com,08954177993,Silver,กรุงเทพฯ,2024-04-21
112,ประสิทธิ์ ศรีสุข,customer112@email.com,08972805468,Silver,ปทุมธานี,2022-06-06
113,อลงกรณ์ รักดี,customer113@email.com,08363244702,Silver,ปทุมธานี,2024-07-20
114,วรินทร ทองดี,customer114@email.com,08299204298,Platinum,เชียงใหม่,2024-05-21
115,ประสิทธิ์ ใจเย็น,customer115@email.com,08325588334,Bronze,นครราชสีมา,2022-12-29
116,ปิยะมาศ ใจเย็น,customer116@email.com,08719930264,Bronze,ปทุมธานี,2023-09-08
117,อดิศร ศรีสุข,customer117@email.com,08143681719,Bronze,นครราชสีมา,2022-05-07
118,สุนิสา ประเสริฐ,customer118@email.com,08189887324,Bronze,เชียงใหม่,2022-10-24
119,วรินทร กาญจนา,customer119@email.com,08107575716,Platinum,ปทุมธานี,2023-09-14
120,สมชาย วัฒนา,customer120@email.com,08644578226,Silver,สงขลา,2023-10-23
121,สุชาดา ประเสริฐ,customer121@email.com,08614117172,Silver,ปทุมธานี,2024-03-13
122,วรินทร วัฒนา,customer122@email.com,08114678086,Bronze,กรุงเทพฯ,2023-02-22
123,วรินทร มั่นคง,customer123@email.com,08633601623,Silver,เชียงใหม่,2022-06-29
124,สมชาย ใจดี,customer124@email.com,08382045482,Silver,นนทบุรี,2022-06-05
125,สุนิสา กาญจนา,customer125@email.com,08901570451,Silver,เชียงใหม่,2022-05-28
126,ธีรวัฒน์ ใจดี,customer126@email.com,08808022336,Bronze,ภูเก็ต,2024-09-16
127,สุนิสา ใจเย็น,customer127@email.com,08285621056,Gold,นนทบุรี,2022-06-24
128,สมหญิง วัฒนา,customer128@email.com,08477094467,Bronze,ภูเก็ต,2024-07-13
129,นภาพร มั่นคง,customer129@email.com,08416211593,Gold,กรุงเทพฯ,2022-06-11
130,ทวีศักดิ์ กาญจนา,customer130@email.com,08175043064,Bronze,ภูเก็ต,2024-09-10
131,ธีรวัฒน์ วัฒนา,customer131@email.com,08764185714,Silver,นนทบุรี,2022-09-21
132,ชลิตา ใจเย็น,customer132@email.com,08878021855,Gold,ปทุมธานี,2023-05-06
133,กาญจนา วัฒนา,customer133@email.com,08941611213,Bronze,นนทบุรี,2024-08-01
134,นภาพร ประเสริฐ,customer134@email.com,08167569632,Bronze,สมุทรปราการ,2022-05-27
135,อนุชา รักดี,customer135@email.com,08113008960,Gold,นครราชสีมา,2024-07-04
136,สมหญิง มั่นคง,customer136@email.com,08967193956,Silver,สงขลา,2024-01-04
137,สมหญิง ทองดี,customer137@email.com,08534266402,Platinum,ขอนแก่น,2024-05-03
138,สุนิสา ประเสริฐ,customer138@email.com,08395261946,Gold,กรุงเทพฯ,2022-05-08
139,ทวีศักดิ์ มั่นคง,customer139@email.com,08903859244,Silver,เชียงใหม่,2022-07-20
140,วรินทร ศรีสุข,customer140@email.com,08352014929,Silver,ปทุมธานี,2022-02-11
141,สุชาดา วัฒนา,customer141@email.com,08436888997,Gold,ชลบุรี,2023-08-22
142,มนตรี วัฒนา,customer142@email.com,08949439834,Platinum,ขอนแก่น,2023-10-08
143,สมหญิง รุ่งเรือง,customer143@email.com,08622500844,Gold,นครราชสีมา,2024-09-07
144,ชัยวัฒน์ รักดี,customer144@email.com,08634337920,Bronze,สมุทรปราการ,2022-10-19
145,วรินทร ใจเย็น,customer145@email.com,08201876031,Platinum,ภูเก็ต,2022-07-06
146,ธีรวัฒน์ มั่นคง,customer146@email.com,08635131479,Platinum,ขอนแก่น,2022-03-10
147,สมชาย ประเสริฐ,customer147@email.com,08454351278,Bronze,ปทุมธานี,2024-01-09
148,วรินทร ใจดี,customer148@email.com,08716931161,Silver,สงขลา,2022-03-14
149,ธีรวัฒน์ ใจดี,customer149@email.com,08108733308,Silver,สงขลา,2022-02-11
150,นภาพร มั่นคง,customer150@email.com,08126787749,Silver,ชลบุรี,2022-10-02
151,อลงกรณ์ ใจดี,customer151@email.com,08705084752,Platinum,กรุงเทพฯ,2024-04-02
152,นฤมล ใจเย็น,customer152@email.com,08928542535,Silver,ภูเก็ต,2022-03-22
153,กาญจนา วัฒนา,customer153@email.com,08897611653,Platinum,สงขลา,2023-04-11
154,อลงกรณ์ ประเสริฐ,customer154@email.com,08352564718,Bronze,ภูเก็ต,2022-01-16
155,สุนิสา กาญจนา,customer155@email.com,08357609876,Silver,ชลบุรี,2023-01-26
156,นภาพร รุ่งเรือง,customer156@email.com,08579593223,Platinum,นนทบุรี,2023-12-28
157,นภาพร มั่นคง,customer157@email.com,08274395049,Silver,ขอนแก่น,2023-06-10
158,ชลิตา รักดี,customer158@email.com,08125193060,Silver,ภูเก็ต,2024-09-12
159,อลงกรณ์ กาญจนา,customer159@email.com,08242841648,Silver,สงขลา,2024-09-08
160,ปิยะมาศ รักดี,customer160@email.com,08425448748,Silver,นนทบุรี,2024-06-12
161,ชลิตา ประเสริฐ,customer161@email.com,08438465373,Bronze,นนทบุรี,2024-02-20
162,ชลิตา กาญจนา,customer162@email.com,08559171548,Gold,ชลบุรี,2023-04-22
163,อลงกรณ์ รุ่งเรือง,customer163@email.com,08258969693,Silver,ปทุมธานี,2022-12-25
164,กาญจนา ใจดี,customer164@email.com,08585720642,Silver,นนทบุรี,2023-01-11
165,อนุชา รักดี,customer165@email.com,08711785332,Platinum,กรุงเทพฯ,2023-08-08
166,อนุชา ประเสริฐ,customer166@email.com,08466105724,Bronze,เชียงใหม่,2023-01-15
167,นภาพร ใจเย็น,customer167@email.com,08726927997,Silver,ภูเก็ต,2022-06-02
168,อนุชา ใจเย็น,customer168@email.com,08299109916,Silver,สมุทรปราการ,2024-06-03
169,ปิยะมาศ ประเสริฐ,customer169@email.com,08668456985,Bronze,สมุทรปราการ,2023-05-21
170,ประสิทธิ์ ทองดี,customer170@email.com,08144743797,Platinum,สงขลา,2023-11-20
171,ชลิตา ศรีสุข,customer171@email.com,08708347689,Silver,กรุงเทพฯ,2024-04-29
172,ชลิตา มั่นคง,customer172@email.com,08225988023,Gold,สงขลา,2022-03-30
173,อนุชา ทองดี,customer173@email.com,08203339767,Bronze,สงขลา,2024-09-14
174,ชลิตา รุ่งเรือง,customer174@email.com,08852142953,Gold,สงขลา,2022-02-09
175,กาญจนา รักดี,customer175@email.com,08977849486,Bronze,ชลบุรี,2022-09-08
176,อดิศร ประเสริฐ,customer176@email.com,08276087268,Bronze,ชลบุรี,2024-08-30
177,ปิยะมาศ ใจดี,customer177@email.com,08491402732,Silver,สมุทรปราการ,2022-12-15
178,ชลิตา ใจเย็น,customer178@email.com,08494479591,Silver,กรุงเทพฯ,2024-01-19
179,ประสิทธิ์ ใจเย็น,customer179@email.com,08285180303,Silver,สงขลา,2022-12-19
180,ปิยะมาศ รุ่งเรือง,customer180@email.com,08622946793,Bronze,เชียงใหม่,2023-10-29
181,นภาพร ทองดี,customer181@email.com,08544220281,Silver,ภูเก็ต,2022-01-31
182,มนตรี ประเสริฐ,customer182@email.com,08419859060,Gold,นนทบุรี,2024-07-15
183,อนุชา รักดี,customer183@email.com,08874761675,Bronze,กรุงเทพฯ,2022-08-12
184,สุชาดา ใจดี,customer184@email.com,08696411263,Silver,เชียงใหม่,2023-11-06
185,นภาพร ประเสริฐ,customer185@email.com,08727555035,Silver,ชลบุรี,2022-08-10
186,อนุชา ศรีสุข,customer186@email.com,08771783066,Bronze,เชียงใหม่,2023-06-08
187,สุนิสา ประเสริฐ,customer187@email.com,08743042999,Bronze,ปทุมธานี,2022-11-02
188,ชลิตา ศรีสุข,customer188@email.com,08855936710,Bronze,เชียงใหม่,2022-02-02
189,นฤมล มั่นคง,customer189@email.com,08845421590,Silver,นนทบุรี,2023-03-06
190,อนุชา ใจดี,customer190@email.com,08228906166,Gold,ปทุมธานี,2022-03-16
191,สมหญิง ศรีสุข,customer191@email.com,08314722946,Platinum,ขอนแก่น,2024-01-18
192,นฤมล ทองดี,customer192@email.com,08684340216,Silver,กรุงเทพฯ,2023-05-22
193,ประสิทธิ์ รักดี,customer193@email.com,08705897954,Bronze,ขอนแก่น,2024-03-03
194,อลงกรณ์ รักดี,customer194@email.com,08243377935,Silver,สงขลา,2022-03-01
195,สุนิสา ทองดี,customer195@email.com,08176972558,Silver,ปทุมธานี,2023-07-16
196,นภาพร มั่นคง,customer196@email.com,08736150635,Bronze,นครราชสีมา,2024-04-07
197,ชลิตา ศรีสุข,customer197@email.com,08555981262,Silver,ภูเก็ต,2022-07-25
198,สุนิสา ศรีสุข,customer198@email.com,08186609125,Bronze,เชียงใหม่,2024-08-13
199,สมหญิง ใจเย็น,customer199@email.com,08818594378,Platinum,ขอนแก่น,2023-12-22
200,ทวีศักดิ์ รักดี,customer200@email.com,08474151882,Silver,เชียงใหม่,2024-03-11
999,สุนิสา ประเสริฐ,customer1@email.com,08614360011,Bronze,สมุทรปราการ,2023-01-21
